-- tables that are not made: ProjectFiles, Faculty, pendingInvites.
insert into user (userID, firstName, middleName, lastName, email)
values (
        3,
        'Joanie',
        'Dolphin',
        'Arons',
        'jarons2@stumbleupon.com'
    );
insert into user (userID, firstName, middleName, lastName, email)
values (
        4,
        'Noland',
        'Morter',
        'Devonish',
        'ndevonish3@google.ru'
    );
insert into user (userID, firstName, middleName, lastName, email)
values (
        5,
        'Claudio',
        'Phelp',
        'Kennealy',
        'ckennealy4@clickbank.net'
    );
insert into user (userID, firstName, middleName, lastName, email)
values (
        6,
        'Bill',
        'Butterwick',
        'Scurlock',
        'bscurlock5@sogou.com'
    );
insert into user (userID, firstName, middleName, lastName, email)
values (
        7,
        'Aldus',
        'Spadari',
        'Kelshaw',
        'akelshaw6@deliciousdays.com'
    );
insert into user (userID, firstName, middleName, lastName, email)
values (
        8,
        'Simona',
        'Record',
        'Khrishtafovich',
        'skhrishtafovich7@meetup.com'
    );
insert into user (userID, firstName, middleName, lastName, email)
values (
        9,
        'Gunner',
        'Donneely',
        'Checketts',
        'gchecketts8@dailymail.co.uk'
    );
insert into user (userID, firstName, middleName, lastName, email)
values (
        10,
        'Nolly',
        'Dunbleton',
        'Stang-Gjertsen',
        'nstanggjertsen9@4shared.com'
    );
insert into user (userID, firstName, middleName, lastName, email)
values (
        11,
        'Tomas',
        'Eisenberg',
        'Seel',
        'tseela@booking.com'
    );
insert into user (userID, firstName, middleName, lastName, email)
values (
        12,
        'Nathanil',
        'O'' Neligan',
        'Bavister',
        'nbavisterb@mayoclinic.com'
    );
insert into user (userID, firstName, middleName, lastName, email)
values (
        13,
        'Eydie',
        'Currer',
        'Prenty',
        'eprentyc@oracle.com'
    );
insert into user (userID, firstName, middleName, lastName, email)
values (
        14,
        'Valeda',
        'Bugden',
        'Banfill',
        'vbanfilld@baidu.com'
    );
insert into user (userID, firstName, middleName, lastName, email)
values (
        15,
        'Joey',
        'Ibel',
        'Ganiford',
        'jganiforde@independent.co.uk'
    );
insert into user (userID, firstName, middleName, lastName, email)
values (
        16,
        'Jocelin',
        'Disbrow',
        'Agg',
        'jaggf@google.co.uk'
    );
insert into user (userID, firstName, middleName, lastName, email)
values (
        17,
        'Gretta',
        'Matejovsky',
        'McBlain',
        'gmcblaing@arstechnica.com'
    );
insert into user (userID, firstName, middleName, lastName, email)
values (
        18,
        'Rolland',
        'Travis',
        'Rickert',
        'rrickerth@creativecommons.org'
    );
insert into user (userID, firstName, middleName, lastName, email)
values (
        19,
        'Giavani',
        'Devita',
        'Drewery',
        'gdreweryi@ted.com'
    );
insert into user (userID, firstName, middleName, lastName, email)
values (
        20,
        'Keith',
        'Govier',
        'Phettiplace',
        'kphettiplacej@hhs.gov'
    );
insert into user (userID, firstName, middleName, lastName, email)
values (
        21,
        'Danya',
        'Thorrington',
        'Caldera',
        'dcalderak@surveymonkey.com'
    );
insert into user (userID, firstName, middleName, lastName, email)
values (
        22,
        'Estell',
        'Gorelli',
        'Gilkes',
        'egilkesl@columbia.edu'
    );
insert into user (userID, firstName, middleName, lastName, email)
values (
        23,
        'Simon',
        'Dashwood',
        'Bullivant',
        'sbullivantm@behance.net'
    );
insert into user (userID, firstName, middleName, lastName, email)
values (
        24,
        'Nanni',
        'O''Mahoney',
        'Manthroppe',
        'nmanthroppen@mediafire.com'
    );
insert into user (userID, firstName, middleName, lastName, email)
values (
        25,
        'Paton',
        'Groombridge',
        'Marcone',
        'pmarconeo@imgur.com'
    );
insert into user (userID, firstName, middleName, lastName, email)
values (
        26,
        'Tully',
        'Waskett',
        'Lunny',
        'tlunnyp@opera.com'
    );
insert into user (userID, firstName, middleName, lastName, email)
values (
        27,
        'Aidan',
        'Absolom',
        'Knowling',
        'aknowlingq@shutterfly.com'
    );
insert into user (userID, firstName, middleName, lastName, email)
values (
        28,
        'Derrick',
        'Alan',
        'Hacard',
        'dhacardr@godaddy.com'
    );
insert into user (userID, firstName, middleName, lastName, email)
values (
        29,
        'Codi',
        'Greenshields',
        'Tzarkov',
        'ctzarkovs@sbwire.com'
    );
insert into user (userID, firstName, middleName, lastName, email)
values (
        30,
        'Norah',
        'Dakhov',
        'Vasyunkin',
        'nvasyunkint@ox.ac.uk'
    );
insert into user (userID, firstName, middleName, lastName, email)
values (
        31,
        'Gaye',
        'Ottewill',
        'Andrick',
        'gandricku@mit.edu'
    );
insert into user (userID, firstName, middleName, lastName, email)
values (
        32,
        'Dagny',
        'Guy',
        'Crevagh',
        'dcrevaghv@engadget.com'
    );
insert into user (userID, firstName, middleName, lastName, email)
values (
        33,
        'Sherman',
        'Meanwell',
        'Wimlett',
        'swimlettw@china.com.cn'
    );
insert into user (userID, firstName, middleName, lastName, email)
values (
        34,
        'Adan',
        'Sirl',
        'Stennine',
        'astenninex@wiley.com'
    );
insert into user (userID, firstName, middleName, lastName, email)
values (
        35,
        'Melesa',
        'Sones',
        'Gilbertson',
        'mgilbertsony@hugedomains.com'
    );
insert into user (userID, firstName, middleName, lastName, email)
values (
        36,
        'Rivi',
        'Mingard',
        'Tuberfield',
        'rtuberfieldz@gov.uk'
    );
insert into user (userID, firstName, middleName, lastName, email)
values (
        37,
        'Cathe',
        'Attwell',
        'De Witt',
        'cdewitt10@springer.com'
    );
insert into user (userID, firstName, middleName, lastName, email)
values (
        38,
        'Alaine',
        'St Angel',
        'Coldbath',
        'acoldbath11@scribd.com'
    );
insert into user (userID, firstName, middleName, lastName, email)
values (
        39,
        'Kinny',
        'Fromant',
        'Greenaway',
        'kgreenaway12@soup.io'
    );
insert into user (userID, firstName, middleName, lastName, email)
values (
        40,
        'Rosetta',
        'Defries',
        'Crambie',
        'rcrambie13@mysql.com'
    );
insert into user (userID, firstName, middleName, lastName, email)
values (
        41,
        'Claribel',
        'Gaffer',
        'Fairholm',
        'cfairholm14@free.fr'
    );
insert into user (userID, firstName, middleName, lastName, email)
values (
        42,
        'Yuri',
        'Reignard',
        'Mayger',
        'ymayger15@domainmarket.com'
    );
insert into user (userID, firstName, middleName, lastName, email)
values (
        43,
        'Sheba',
        'Tussaine',
        'Skivington',
        'sskivington16@admin.ch'
    );
insert into user (userID, firstName, middleName, lastName, email)
values (
        44,
        'Dasie',
        'Nawton',
        'Seeger',
        'dseeger17@prweb.com'
    );
insert into user (userID, firstName, middleName, lastName, email)
values (
        45,
        'Halie',
        'Jickles',
        'Arnall',
        'harnall18@simplemachines.org'
    );
insert into user (userID, firstName, middleName, lastName, email)
values (
        46,
        'Juanita',
        'Bilham',
        'Luckhurst',
        'jluckhurst19@usgs.gov'
    );
insert into user (userID, firstName, middleName, lastName, email)
values (
        47,
        'Tris',
        'Moret',
        'Le-Good',
        'tlegood1a@amazon.com'
    );
insert into user (userID, firstName, middleName, lastName, email)
values (
        48,
        'Rodger',
        'Meller',
        'McBeth',
        'rmcbeth1b@ameblo.jp'
    );
insert into user (userID, firstName, middleName, lastName, email)
values (
        49,
        'Mae',
        'Moyse',
        'Hyndes',
        'mhyndes1c@jimdo.com'
    );
insert into user (userID, firstName, middleName, lastName, email)
values (
        50,
        'Fowler',
        'MacCague',
        'Gwyther',
        'fgwyther1d@mit.edu'
    );
insert into user (userID, firstName, middleName, lastName, email)
values (
        51,
        'Cheri',
        'Skill',
        'Cranmer',
        'ccranmer1e@163.com'
    );
insert into user (userID, firstName, middleName, lastName, email)
values (
        52,
        'Marney',
        'Kless',
        'Ivankin',
        'mivankin1f@economist.com'
    );
insert into user (userID, firstName, middleName, lastName, email)
values (
        53,
        'Hermina',
        'McKeady',
        'Suddards',
        'hsuddards1g@archive.org'
    );
insert into user (userID, firstName, middleName, lastName, email)
values (
        54,
        'Asher',
        'Rembaud',
        'Tetley',
        'atetley1h@dropbox.com'
    );
insert into user (userID, firstName, middleName, lastName, email)
values (
        55,
        'Fletch',
        'Eayrs',
        'Rains',
        'frains1i@wired.com'
    );
insert into user (userID, firstName, middleName, lastName, email)
values (
        56,
        'Tricia',
        'Whellans',
        'Cathcart',
        'tcathcart1j@infoseek.co.jp'
    );
insert into user (userID, firstName, middleName, lastName, email)
values (
        57,
        'Teador',
        'Bleby',
        'Kedwell',
        'tkedwell1k@storify.com'
    );
insert into user (userID, firstName, middleName, lastName, email)
values (
        58,
        'Rhodia',
        'Bullick',
        'Marler',
        'rmarler1l@lycos.com'
    );
insert into user (userID, firstName, middleName, lastName, email)
values (
        59,
        'Gilly',
        'Kenion',
        'Babonau',
        'gbabonau1m@moonfruit.com'
    );
insert into user (userID, firstName, middleName, lastName, email)
values (
        60,
        'Peter',
        'Phipard-Shears',
        'Algore',
        'palgore1n@devhub.com'
    );
insert into user (userID, firstName, middleName, lastName, email)
values (
        61,
        'Andriette',
        'Pressnell',
        'Klulik',
        'aklulik1o@biblegateway.com'
    );
insert into user (userID, firstName, middleName, lastName, email)
values (
        62,
        'Charles',
        'Hastwell',
        'Capelle',
        'ccapelle1p@tripadvisor.com'
    );
insert into user (userID, firstName, middleName, lastName, email)
values (
        63,
        'Marlo',
        'Greeding',
        'Rowan',
        'mrowan1q@feedburner.com'
    );
insert into user (userID, firstName, middleName, lastName, email)
values (
        64,
        'Cammy',
        'Magog',
        'Yosevitz',
        'cyosevitz1r@ucsd.edu'
    );
insert into user (userID, firstName, middleName, lastName, email)
values (
        65,
        'Nessy',
        'Payton',
        'Ellams',
        'nellams1s@home.pl'
    );
insert into user (userID, firstName, middleName, lastName, email)
values (
        66,
        'Benson',
        'McCrackan',
        'Khristyukhin',
        'bkhristyukhin1t@opera.com'
    );
insert into user (userID, firstName, middleName, lastName, email)
values (
        67,
        'Loraine',
        'Loblie',
        'Collyear',
        'lcollyear1u@sitemeter.com'
    );
insert into user (userID, firstName, middleName, lastName, email)
values (
        68,
        'Bathsheba',
        'Joskowicz',
        'Hinsch',
        'bhinsch1v@hc360.com'
    );
insert into user (userID, firstName, middleName, lastName, email)
values (
        69,
        'Filbert',
        'Ruoff',
        'Berthel',
        'fberthel1w@thetimes.co.uk'
    );
insert into user (userID, firstName, middleName, lastName, email)
values (
        70,
        'Leisha',
        'Nel',
        'Brussels',
        'lbrussels1x@zimbio.com'
    );
insert into user (userID, firstName, middleName, lastName, email)
values (
        71,
        'Marie-ann',
        'Aronin',
        'Grandisson',
        'mgrandisson1y@icio.us'
    );
insert into user (userID, firstName, middleName, lastName, email)
values (
        72,
        'Jacynth',
        'Jennemann',
        'Callister',
        'jcallister1z@joomla.org'
    );
insert into user (userID, firstName, middleName, lastName, email)
values (
        73,
        'Elysee',
        'Tym',
        'Annis',
        'eannis20@tinyurl.com'
    );
insert into user (userID, firstName, middleName, lastName, email)
values (
        74,
        'Kara',
        'Hembrow',
        'Davidman',
        'kdavidman21@bizjournals.com'
    );
insert into user (userID, firstName, middleName, lastName, email)
values (
        75,
        'Devonne',
        'Hargraves',
        'Roseveare',
        'droseveare22@hugedomains.com'
    );
insert into user (userID, firstName, middleName, lastName, email)
values (
        76,
        'Drud',
        'O''Shevlin',
        'Soppitt',
        'dsoppitt23@usgs.gov'
    );
insert into user (userID, firstName, middleName, lastName, email)
values (
        77,
        'Rina',
        'Russam',
        'Maplethorpe',
        'rmaplethorpe24@shutterfly.com'
    );
insert into user (userID, firstName, middleName, lastName, email)
values (
        78,
        'Stefanie',
        'Scales',
        'Standbridge',
        'sstandbridge25@washingtonpost.com'
    );
insert into user (userID, firstName, middleName, lastName, email)
values (
        79,
        'Timotheus',
        'Britch',
        'Fearnside',
        'tfearnside26@w3.org'
    );
insert into user (userID, firstName, middleName, lastName, email)
values (
        80,
        'Hallie',
        'Heady',
        'Frame',
        'hframe27@state.gov'
    );
insert into user (userID, firstName, middleName, lastName, email)
values (
        81,
        'Bernard',
        'Yedy',
        'Lumber',
        'blumber28@liveinternet.ru'
    );
insert into user (userID, firstName, middleName, lastName, email)
values (
        82,
        'Mozelle',
        'Kegg',
        'Hawkshaw',
        'mhawkshaw29@china.com.cn'
    );
insert into user (userID, firstName, middleName, lastName, email)
values (
        83,
        'Cicely',
        'Winship',
        'Jenking',
        'cjenking2a@bloglines.com'
    );
insert into user (userID, firstName, middleName, lastName, email)
values (
        84,
        'Darill',
        'Daggett',
        'Croasdale',
        'dcroasdale2b@twitpic.com'
    );
insert into user (userID, firstName, middleName, lastName, email)
values (
        85,
        'Sinclair',
        'Rings',
        'Broxup',
        'sbroxup2c@google.com.au'
    );
insert into user (userID, firstName, middleName, lastName, email)
values (
        86,
        'Elissa',
        'Bath',
        'Gove',
        'egove2d@bravesites.com'
    );
insert into user (userID, firstName, middleName, lastName, email)
values (
        87,
        'Alvina',
        'Gallyhaock',
        'Ondrousek',
        'aondrousek2e@engadget.com'
    );
insert into user (userID, firstName, middleName, lastName, email)
values (
        88,
        'Luce',
        'Laundon',
        'Swadden',
        'lswadden2f@jalbum.net'
    );
insert into user (userID, firstName, middleName, lastName, email)
values (
        89,
        'Manya',
        'MacAskill',
        'Pennell',
        'mpennell2g@drupal.org'
    );
insert into user (userID, firstName, middleName, lastName, email)
values (
        90,
        'Sergei',
        'Niese',
        'Shotboult',
        'sshotboult2h@youku.com'
    );
insert into user (userID, firstName, middleName, lastName, email)
values (
        91,
        'Sibylle',
        'MacDearmid',
        'Benediktsson',
        'sbenediktsson2i@forbes.com'
    );
insert into user (userID, firstName, middleName, lastName, email)
values (
        92,
        'Lovell',
        'Marking',
        'Stannislawski',
        'lstannislawski2j@biglobe.ne.jp'
    );
insert into user (userID, firstName, middleName, lastName, email)
values (
        93,
        'Lonee',
        'Joire',
        'Blakemore',
        'lblakemore2k@apache.org'
    );
insert into user (userID, firstName, middleName, lastName, email)
values (
        94,
        'Cecilla',
        'Lickorish',
        'Doxey',
        'cdoxey2l@over-blog.com'
    );
insert into user (userID, firstName, middleName, lastName, email)
values (
        95,
        'Ban',
        'Purslow',
        'Wapplington',
        'bwapplington2m@xinhuanet.com'
    );
insert into user (userID, firstName, middleName, lastName, email)
values (
        96,
        'Jobey',
        'Ovanesian',
        'Malcolm',
        'jmalcolm2n@gizmodo.com'
    );
insert into user (userID, firstName, middleName, lastName, email)
values (
        97,
        'Eliot',
        'Ewbanche',
        'Lamputt',
        'elamputt2o@ed.gov'
    );
insert into user (userID, firstName, middleName, lastName, email)
values (
        98,
        'Carmon',
        'Royson',
        'Crasford',
        'ccrasford2p@themeforest.net'
    );
insert into user (userID, firstName, middleName, lastName, email)
values (
        99,
        'Anni',
        'Daine',
        'Perle',
        'aperle2q@studiopress.com'
    );
insert into user (userID, firstName, middleName, lastName, email)
values (
        100,
        'Rhianna',
        'Lockhurst',
        'Karchowski',
        'rkarchowski2r@goo.ne.jp'
    );
insert into user (userID, firstName, middleName, lastName, email)
values (
        101,
        'Ebonee',
        'Minigo',
        'Stalman',
        'estalman2s@plala.or.jp'
    );
insert into user (userID, firstName, middleName, lastName, email)
values (
        102,
        'Deonne',
        'Currer',
        'Molohan',
        'dmolohan2t@xrea.com'
    );
insert into user (userID, firstName, middleName, lastName, email)
values (
        103,
        'Flossy',
        'Dregan',
        'Bernhardsson',
        'fbernhardsson2u@xinhuanet.com'
    );
insert into user (userID, firstName, middleName, lastName, email)
values (
        104,
        'Abby',
        'Gregorace',
        'Dunnico',
        'adunnico2v@dailymotion.com'
    );
insert into user (userID, firstName, middleName, lastName, email)
values (
        105,
        'Archaimbaud',
        'Lux',
        'Lorincz',
        'alorincz2w@chronoengine.com'
    );
insert into user (userID, firstName, middleName, lastName, email)
values (
        106,
        'Nathalie',
        'Skurray',
        'Body',
        'nbody2x@stumbleupon.com'
    );
insert into user (userID, firstName, middleName, lastName, email)
values (
        107,
        'Felicity',
        'Tripean',
        'Kinahan',
        'fkinahan2y@toplist.cz'
    );
insert into user (userID, firstName, middleName, lastName, email)
values (
        108,
        'Salvatore',
        'Sweynson',
        'Tolliday',
        'stolliday2z@360.cn'
    );
insert into user (userID, firstName, middleName, lastName, email)
values (
        109,
        'Fionna',
        'Kale',
        'Excell',
        'fexcell30@unicef.org'
    );
insert into user (userID, firstName, middleName, lastName, email)
values (
        110,
        'Obidiah',
        'Ormshaw',
        'Blees',
        'oblees31@japanpost.jp'
    );
insert into user (userID, firstName, middleName, lastName, email)
values (
        111,
        'Dwight',
        'Danzey',
        'Coleby',
        'dcoleby32@yahoo.co.jp'
    );
insert into user (userID, firstName, middleName, lastName, email)
values (
        112,
        'Dael',
        'Ormistone',
        'Quakley',
        'dquakley33@cmu.edu'
    );
insert into user (userID, firstName, middleName, lastName, email)
values (
        113,
        'Kristy',
        'Shepherd',
        'Kell',
        'kkell34@oracle.com'
    );
insert into user (userID, firstName, middleName, lastName, email)
values (
        114,
        'Radcliffe',
        'Palfreeman',
        'Mathen',
        'rmathen35@goo.gl'
    );
insert into user (userID, firstName, middleName, lastName, email)
values (
        115,
        'Rae',
        'Scopyn',
        'Cheater',
        'rcheater36@desdev.cn'
    );
insert into user (userID, firstName, middleName, lastName, email)
values (
        116,
        'Pacorro',
        'Kensit',
        'Ockenden',
        'pockenden37@jugem.jp'
    );
insert into user (userID, firstName, middleName, lastName, email)
values (
        117,
        'Vina',
        'Kynaston',
        'Banke',
        'vbanke38@posterous.com'
    );
insert into user (userID, firstName, middleName, lastName, email)
values (
        118,
        'Mariann',
        'Crowcum',
        'Biscomb',
        'mbiscomb39@pinterest.com'
    );
insert into user (userID, firstName, middleName, lastName, email)
values (
        119,
        'Lauralee',
        'World',
        'Spon',
        'lspon3a@vistaprint.com'
    );
insert into user (userID, firstName, middleName, lastName, email)
values (
        120,
        'Ada',
        'Zotto',
        'Lodewick',
        'alodewick3b@cnet.com'
    );
insert into user (userID, firstName, middleName, lastName, email)
values (
        121,
        'Helena',
        'Linnane',
        'Poundford',
        'hpoundford3c@vimeo.com'
    );
insert into user (userID, firstName, middleName, lastName, email)
values (
        122,
        'Lonny',
        'Carwithen',
        'Sydney',
        'lsydney3d@unesco.org'
    );
insert into user (userID, firstName, middleName, lastName, email)
values (
        123,
        'Jason',
        'Davern',
        'Papa',
        'jpapa3e@narod.ru'
    );
insert into user (userID, firstName, middleName, lastName, email)
values (
        124,
        'Salomi',
        'Cantor',
        'Boorne',
        'sboorne3f@imgur.com'
    );
insert into user (userID, firstName, middleName, lastName, email)
values (
        125,
        'Chen',
        'Soldner',
        'Omand',
        'comand3g@merriam-webster.com'
    );
insert into user (userID, firstName, middleName, lastName, email)
values (
        126,
        'Freddi',
        'Minifie',
        'Kibblewhite',
        'fkibblewhite3h@baidu.com'
    );
insert into user (userID, firstName, middleName, lastName, email)
values (
        127,
        'Gualterio',
        'De Blasio',
        'Sandwich',
        'gsandwich3i@about.com'
    );
insert into user (userID, firstName, middleName, lastName, email)
values (
        128,
        'Aloin',
        'Woolland',
        'McGinney',
        'amcginney3j@apple.com'
    );
insert into user (userID, firstName, middleName, lastName, email)
values (
        129,
        'Jenni',
        'Moncrieffe',
        'Maps',
        'jmaps3k@senate.gov'
    );
insert into user (userID, firstName, middleName, lastName, email)
values (
        130,
        'Ruperto',
        'Bircher',
        'Pomroy',
        'rpomroy3l@yelp.com'
    );
insert into user (userID, firstName, middleName, lastName, email)
values (
        131,
        'Jephthah',
        'Plumtree',
        'Softley',
        'jsoftley3m@harvard.edu'
    );
insert into user (userID, firstName, middleName, lastName, email)
values (
        132,
        'Sheff',
        'Birchall',
        'Vidineev',
        'svidineev3n@cornell.edu'
    );
insert into user (userID, firstName, middleName, lastName, email)
values (
        133,
        'Demetre',
        'Cranney',
        'Coneron',
        'dconeron3o@flavors.me'
    );
insert into user (userID, firstName, middleName, lastName, email)
values (
        134,
        'Micah',
        'Shemelt',
        'Riatt',
        'mriatt3p@nytimes.com'
    );
insert into user (userID, firstName, middleName, lastName, email)
values (
        135,
        'Elysia',
        'Bendare',
        'Jeanes',
        'ejeanes3q@pagesperso-orange.fr'
    );
insert into user (userID, firstName, middleName, lastName, email)
values (
        136,
        'Carol',
        'Taffarello',
        'MacInherney',
        'cmacinherney3r@dyndns.org'
    );
insert into user (userID, firstName, middleName, lastName, email)
values (
        137,
        'Ingmar',
        'Koene',
        'Ivatts',
        'iivatts3s@guardian.co.uk'
    );
insert into user (userID, firstName, middleName, lastName, email)
values (
        138,
        'Lisabeth',
        'Geeraert',
        'Twelvetrees',
        'ltwelvetrees3t@github.com'
    );
insert into user (userID, firstName, middleName, lastName, email)
values (
        139,
        'Ross',
        'Stopforth',
        'Syce',
        'rsyce3u@ucoz.com'
    );
insert into user (userID, firstName, middleName, lastName, email)
values (
        140,
        'Shantee',
        'Gathwaite',
        'Irce',
        'sirce3v@timesonline.co.uk'
    );
insert into user (userID, firstName, middleName, lastName, email)
values (
        141,
        'Cordy',
        'Dunniom',
        'Caseley',
        'ccaseley3w@a8.net'
    );
insert into user (userID, firstName, middleName, lastName, email)
values (
        142,
        'Adair',
        'Cobleigh',
        'Exon',
        'aexon3x@4shared.com'
    );
insert into user (userID, firstName, middleName, lastName, email)
values (
        143,
        'Algernon',
        'Deerr',
        'Rowles',
        'arowles3y@ezinearticles.com'
    );
insert into user (userID, firstName, middleName, lastName, email)
values (
        144,
        'Brittne',
        'Curling',
        'Tipperton',
        'btipperton3z@trellian.com'
    );
insert into user (userID, firstName, middleName, lastName, email)
values (
        145,
        'Marlow',
        'Shortan',
        'Kloster',
        'mkloster40@sohu.com'
    );
insert into user (userID, firstName, middleName, lastName, email)
values (
        146,
        'Shaylyn',
        'Lund',
        'Livesley',
        'slivesley41@accuweather.com'
    );
insert into user (userID, firstName, middleName, lastName, email)
values (
        147,
        'Katinka',
        'Haston',
        'Flott',
        'kflott42@discovery.com'
    );
insert into user (userID, firstName, middleName, lastName, email)
values (
        148,
        'Ernestine',
        'Spoors',
        'Poznanski',
        'epoznanski43@irs.gov'
    );
insert into user (userID, firstName, middleName, lastName, email)
values (
        149,
        'Ruy',
        'Fransoni',
        'Meekins',
        'rmeekins44@people.com.cn'
    );
insert into user (userID, firstName, middleName, lastName, email)
values (
        150,
        'Esme',
        'Ferrulli',
        'Curuclis',
        'ecuruclis45@microsoft.com'
    );
insert into organizer (userID, affiliation)
values (141, 'Texas Instruments');
insert into organizer (userID, affiliation)
values (142, 'Professor Sridhar Alagar');
insert into organizer (userID, affiliation)
values (143, 'L3Harris');
insert into organizer (userID, affiliation)
values (144, 'Apple');
insert into organizer (userID, affiliation)
values (145, 'UT Dallas');
insert into organizer (userID, affiliation)
values (146, 'CVS Pharmacy');
insert into organizer (userID, affiliation)
values (147, 'Walgreens');
insert into organizer (userID, affiliation)
values (148, 'Tesla');
insert into organizer (userID, affiliation)
values (149, 'Jonson Controls');
insert into organizer (userID, affiliation)
values (150, 'Dr. Becker');
insert into UTD (netID, userID)
values ('BGO77836', 1);
insert into UTD (netID, userID)
values ('SJD74025', 2);
insert into UTD (netID, userID)
values ('DRZ36800', 3);
insert into UTD (netID, userID)
values ('WAC77069', 4);
insert into UTD (netID, userID)
values ('OEX79326', 5);
insert into UTD (netID, userID)
values ('EXX53026', 6);
insert into UTD (netID, userID)
values ('UIK89282', 7);
insert into UTD (netID, userID)
values ('POR81172', 8);
insert into UTD (netID, userID)
values ('TSC84017', 9);
insert into UTD (netID, userID)
values ('FFS33232', 10);
insert into UTD (netID, userID)
values ('DCD93581', 11);
insert into UTD (netID, userID)
values ('NZY34457', 12);
insert into UTD (netID, userID)
values ('VOX13251', 13);
insert into UTD (netID, userID)
values ('DOY24278', 14);
insert into UTD (netID, userID)
values ('CPW11708', 15);
insert into UTD (netID, userID)
values ('ZZW35871', 16);
insert into UTD (netID, userID)
values ('TVE65287', 17);
insert into UTD (netID, userID)
values ('JQV97981', 18);
insert into UTD (netID, userID)
values ('QWJ12261', 19);
insert into UTD (netID, userID)
values ('KTL13581', 20);
insert into UTD (netID, userID)
values ('YBN04550', 21);
insert into UTD (netID, userID)
values ('XUP53978', 22);
insert into UTD (netID, userID)
values ('KLF34087', 23);
insert into UTD (netID, userID)
values ('HUV78132', 24);
insert into UTD (netID, userID)
values ('BQY91558', 25);
insert into UTD (netID, userID)
values ('YXM93302', 26);
insert into UTD (netID, userID)
values ('FTM51717', 27);
insert into UTD (netID, userID)
values ('VLV83302', 28);
insert into UTD (netID, userID)
values ('RLS17209', 29);
insert into UTD (netID, userID)
values ('YVL19489', 30);
insert into UTD (netID, userID)
values ('CLF67449', 31);
insert into UTD (netID, userID)
values ('WHR19603', 32);
insert into UTD (netID, userID)
values ('CPN81392', 33);
insert into UTD (netID, userID)
values ('CHF92928', 34);
insert into UTD (netID, userID)
values ('HAA08603', 35);
insert into UTD (netID, userID)
values ('BWM56278', 36);
insert into UTD (netID, userID)
values ('ZMK29613', 37);
insert into UTD (netID, userID)
values ('PMF06543', 38);
insert into UTD (netID, userID)
values ('DNQ73252', 39);
insert into UTD (netID, userID)
values ('KDG41992', 40);
insert into UTD (netID, userID)
values ('YMV01193', 41);
insert into UTD (netID, userID)
values ('QSN35190', 42);
insert into UTD (netID, userID)
values ('ANU69121', 43);
insert into UTD (netID, userID)
values ('VWQ15246', 44);
insert into UTD (netID, userID)
values ('ENS24488', 45);
insert into UTD (netID, userID)
values ('PAE19704', 46);
insert into UTD (netID, userID)
values ('PMT78607', 47);
insert into UTD (netID, userID)
values ('LAA81265', 48);
insert into UTD (netID, userID)
values ('KDB39142', 49);
insert into UTD (netID, userID)
values ('XBC90544', 50);
insert into UTD (netID, userID)
values ('UEF80236', 51);
insert into UTD (netID, userID)
values ('ZTJ03727', 52);
insert into UTD (netID, userID)
values ('EXP55823', 53);
insert into UTD (netID, userID)
values ('RXT71819', 54);
insert into UTD (netID, userID)
values ('EAK80225', 55);
insert into UTD (netID, userID)
values ('IUL89875', 56);
insert into UTD (netID, userID)
values ('VHL37615', 57);
insert into UTD (netID, userID)
values ('BEA70645', 58);
insert into UTD (netID, userID)
values ('MRX91068', 59);
insert into UTD (netID, userID)
values ('WXQ49901', 60);
insert into UTD (netID, userID)
values ('XED20490', 61);
insert into UTD (netID, userID)
values ('QWE10943', 62);
insert into UTD (netID, userID)
values ('HQF17978', 63);
insert into UTD (netID, userID)
values ('QVR80506', 64);
insert into UTD (netID, userID)
values ('FMV61780', 65);
insert into UTD (netID, userID)
values ('OJZ70703', 66);
insert into UTD (netID, userID)
values ('TFS88609', 67);
insert into UTD (netID, userID)
values ('BIH98788', 68);
insert into UTD (netID, userID)
values ('YCS79074', 69);
insert into UTD (netID, userID)
values ('VFD71622', 70);
insert into UTD (netID, userID)
values ('ETJ31788', 71);
insert into UTD (netID, userID)
values ('JYU82583', 72);
insert into UTD (netID, userID)
values ('NNK98236', 73);
insert into UTD (netID, userID)
values ('KKR70126', 74);
insert into UTD (netID, userID)
values ('BZA91831', 75);
insert into UTD (netID, userID)
values ('NSM48973', 76);
insert into UTD (netID, userID)
values ('YNW03824', 77);
insert into UTD (netID, userID)
values ('FHX58547', 78);
insert into UTD (netID, userID)
values ('CTB12502', 79);
insert into UTD (netID, userID)
values ('WYX98834', 80);
insert into UTD (netID, userID)
values ('QZP32845', 81);
insert into UTD (netID, userID)
values ('MJX38172', 82);
insert into UTD (netID, userID)
values ('HKC46840', 83);
insert into UTD (netID, userID)
values ('IHH10043', 84);
insert into UTD (netID, userID)
values ('SFT16196', 85);
insert into UTD (netID, userID)
values ('LTH68913', 86);
insert into UTD (netID, userID)
values ('NMX41427', 87);
insert into UTD (netID, userID)
values ('YED55108', 88);
insert into UTD (netID, userID)
values ('TEY65161', 89);
insert into UTD (netID, userID)
values ('WDN58701', 90);
insert into UTD (netID, userID)
values ('MHZ88987', 91);
insert into UTD (netID, userID)
values ('WGJ38400', 92);
insert into UTD (netID, userID)
values ('UQB35811', 93);
insert into UTD (netID, userID)
values ('ECQ69181', 94);
insert into UTD (netID, userID)
values ('ZKO42985', 95);
insert into UTD (netID, userID)
values ('MKZ56744', 96);
insert into UTD (netID, userID)
values ('LSW17558', 97);
insert into UTD (netID, userID)
values ('XDR57002', 98);
insert into UTD (netID, userID)
values ('BCL94167', 99);
insert into UTD (netID, userID)
values ('NEX39327', 100);
insert into UTD (netID, userID)
values ('GVU01422', 101);
insert into UTD (netID, userID)
values ('OWD16323', 102);
insert into UTD (netID, userID)
values ('DRH14162', 103);
insert into UTD (netID, userID)
values ('YOB83358', 104);
insert into UTD (netID, userID)
values ('PEE93160', 105);
insert into UTD (netID, userID)
values ('WCK56677', 106);
insert into UTD (netID, userID)
values ('DWA71947', 107);
insert into UTD (netID, userID)
values ('LGK51704', 108);
insert into UTD (netID, userID)
values ('VJZ92259', 109);
insert into UTD (netID, userID)
values ('CNG38134', 110);
insert into UTD (netID, userID)
values ('PEZ34214', 111);
insert into UTD (netID, userID)
values ('JII54648', 112);
insert into UTD (netID, userID)
values ('WDT70496', 113);
insert into UTD (netID, userID)
values ('FGY06196', 114);
insert into UTD (netID, userID)
values ('XVN64826', 115);
insert into UTD (netID, userID)
values ('ZGV46393', 116);
insert into UTD (netID, userID)
values ('BFP18880', 117);
insert into UTD (netID, userID)
values ('BOY12818', 118);
insert into UTD (netID, userID)
values ('MMF16022', 119);
insert into UTD (netID, userID)
values ('XTF19592', 120);
insert into UTD (netID, userID)
values ('THP36337', 121);
insert into UTD (netID, userID)
values ('RHN05229', 122);
insert into UTD (netID, userID)
values ('XIQ85239', 123);
insert into UTD (netID, userID)
values ('QMF32656', 124);
insert into UTD (netID, userID)
values ('RNF83650', 125);
insert into UTD (netID, userID)
values ('TFF99125', 126);
insert into UTD (netID, userID)
values ('RJH94437', 127);
insert into UTD (netID, userID)
values ('AAL15883', 128);
insert into UTD (netID, userID)
values ('HIW08081', 129);
insert into UTD (netID, userID)
values ('MBG99231', 130);
insert into UTD (netID, userID)
values ('KGB24613', 131);
insert into UTD (netID, userID)
values ('HAQ51336', 132);
insert into UTD (netID, userID)
values ('JNG23787', 133);
insert into UTD (netID, userID)
values ('TUB32888', 134);
insert into UTD (netID, userID)
values ('QSW13450', 135);
insert into UTD (netID, userID)
values ('YOH52848', 136);
insert into UTD (netID, userID)
values ('QKQ14209', 137);
insert into UTD (netID, userID)
values ('CCV68537', 138);
insert into UTD (netID, userID)
values ('MDR17891', 139);
insert into UTD (netID, userID)
values ('NVB35927', 140);
insert into Project (
        projectID,
        userID,
        avatar,
        sponsor,
        description,
        projectName,
        teamSize,
        maxTeams,
        team_assigned
    )
values (
        1,
        141,
        '/profile.png',
        'Texas Instruments',
        'Join the ECE Team in developing a functional Wi-SUN Host Application on TI MSP 432 communicating over TI CC 13xx',
        'Smart City Host Application over Wi-SUN-2',
        5,
        5,
        'Open'
    );
insert into Project (
        projectID,
        userID,
        avatar,
        sponsor,
        description,
        projectName,
        teamSize,
        maxTeams,
        team_assigned
    )
values (
        2,
        142,
        '/profile.png',
        'Professor Sridhar Alagar',
        'Create a website for future ECS students, utilizing many different skillsets with the potential for its practical use!',
        'Team-Sign-Up!',
        5,
        5,
        'Team 12'
    );
insert into Project (
        projectID,
        userID,
        avatar,
        sponsor,
        description,
        projectName,
        teamSize,
        maxTeams,
        team_assigned
    )
values (
        3,
        143,
        '/profile.png',
        'L3Harris',
        'Join our company in developing a traditional DSP to create spectrograms that visualize signals, and characterize how well ML and MV can identify signals',
        'AI-ML-Driven RF Pulse Detection',
        4,
        6,
        'Open'
    );
insert into Project (
        projectID,
        userID,
        avatar,
        sponsor,
        description,
        projectName,
        teamSize,
        maxTeams,
        team_assigned
    )
values (
        4,
        144,
        '/profile.png',
        'Apple',
        'Join our company in developing a traditional DSP to create spectrograms that visualize signals, and characterize how well ML and MV can identify signals',
        'Apple Project',
        4,
        6,
        'Open'
    );
insert into Project (
        projectID,
        userID,
        avatar,
        sponsor,
        description,
        projectName,
        teamSize,
        maxTeams,
        team_assigned
    )
values (
        5,
        145,
        '/profile.png',
        'UT Dallas',
        'Join UTD in improving the academic experience!',
        'UT Dallas eLearning Additions',
        4,
        6,
        'Open'
    );
insert into Project (
        projectID,
        userID,
        avatar,
        sponsor,
        description,
        projectName,
        teamSize,
        maxTeams,
        team_assigned
    )
values (
        6,
        146,
        '/profile.png',
        'CVS Pharmacy',
        'Join CVS to work on a CS solution!',
        'CVS Boat Racing',
        4,
        6,
        'Open'
    );
insert into Project (
        projectID,
        userID,
        avatar,
        sponsor,
        description,
        projectName,
        teamSize,
        maxTeams,
        team_assigned
    )
values (
        7,
        147,
        '/profile.png',
        'Walgreens',
        'See how to identify drug using AI-ML procedures',
        'Drug Identification System',
        4,
        6,
        'Open'
    );
insert into Project (
        projectID,
        userID,
        avatar,
        sponsor,
        description,
        projectName,
        teamSize,
        maxTeams,
        team_assigned
    )
values (
        8,
        148,
        '/profile.png',
        'Tesla',
        'Join Tesla in creating a module for a car',
        'Tesla Self Driving Enhancements',
        4,
        6,
        'Open'
    );
insert into Project (
        projectID,
        userID,
        avatar,
        sponsor,
        description,
        projectName,
        teamSize,
        maxTeams,
        team_assigned
    )
values (
        9,
        149,
        '/profile.png',
        'Jonson Controls',
        'Create a dynamic air conditioner!',
        'Dynamic Air Conditioning System',
        4,
        6,
        'Open'
    );
insert into Project (
        projectID,
        userID,
        avatar,
        sponsor,
        description,
        projectName,
        teamSize,
        maxTeams,
        team_assigned
    )
values (
        10,
        150,
        '/profile.png',
        'Dr. Becker',
        'Dr. Beckers Project for Software/Software',
        'Software/Software Project for Becker',
        4,
        6,
        'Open'
    );
insert into Team (teamID, projectID)
values (1, null);
insert into Team (teamID, projectID)
values (2, null);
insert into Team (teamID, projectID)
values (3, 3);
insert into Team (teamID, projectID)
values (4, null);
insert into student (
        netID,
        resumeFile,
        phoneNumber,
        email,
        discord,
        groupme,
        instagram,
        teamID,
        projectID
    )
values (
        'BGO77836',
        null,
        '453-196-7608',
        'aferreiro0@netvibes.com',
        'dweatherdon0',
        'plarne0',
        'tbugbird0',
        3,
        1
    );
insert into student (
        netID,
        resumeFile,
        phoneNumber,
        email,
        discord,
        groupme,
        instagram,
        teamID,
        projectID
    )
values (
        'SJD74025',
        null,
        '976-776-1308',
        'cnormanton1@sakura.ne.jp',
        'ftremonte1',
        'smcturk1',
        'vserjent1',
        3,
        1
    );
insert into student (
        netID,
        resumeFile,
        phoneNumber,
        email,
        discord,
        groupme,
        instagram,
        teamID,
        projectID
    )
values (
        'DRZ36800',
        null,
        '269-591-3030',
        'mrableau2@java.com',
        'tbeaudry2',
        'nmacgarvey2',
        'qabel2',
        1,
        2
    );
insert into student (
        netID,
        resumeFile,
        phoneNumber,
        email,
        discord,
        groupme,
        instagram,
        teamID,
        projectID
    )
values (
        'WAC77069',
        null,
        '763-512-6421',
        'dmacdermot3@yolasite.com',
        'athorington3',
        'lblaxland3',
        'mrenault3',
        3,
        1
    );
insert into student (
        netID,
        resumeFile,
        phoneNumber,
        email,
        discord,
        groupme,
        instagram,
        teamID,
        projectID
    )
values (
        'OEX79326',
        null,
        '306-907-4239',
        'ckidman4@comsenz.com',
        'shaighton4',
        'ecooley4',
        'zlevitt4',
        3,
        1
    );
insert into student (
        netID,
        resumeFile,
        phoneNumber,
        email,
        discord,
        groupme,
        instagram,
        teamID,
        projectID
    )
values (
        'EXX53026',
        null,
        '587-477-5043',
        'leaklee5@walmart.com',
        'zjoanic5',
        'agarrood5',
        'fjosephi5',
        2,
        3
    );
insert into student (
        netID,
        resumeFile,
        phoneNumber,
        email,
        discord,
        groupme,
        instagram,
        teamID,
        projectID
    )
values (
        'UIK89282',
        null,
        '452-359-9745',
        'kwoolveridge6@who.int',
        'nstorrier6',
        'cthorntondewhirst6',
        'fcockman6',
        2,
        3
    );
insert into student (
        netID,
        resumeFile,
        phoneNumber,
        email,
        discord,
        groupme,
        instagram,
        teamID,
        projectID
    )
values (
        'POR81172',
        null,
        '775-549-4841',
        'mpappin7@usgs.gov',
        'ceggleston7',
        'cmaxworthy7',
        'plambird7',
        3,
        1
    );
insert into student (
        netID,
        resumeFile,
        phoneNumber,
        email,
        discord,
        groupme,
        instagram,
        teamID,
        projectID
    )
values (
        'TSC84017',
        null,
        '465-584-8530',
        'cgoare8@go.com',
        'dbaythrop8',
        'aglaves8',
        'atalbot8',
        1,
        2
    );
insert into student (
        netID,
        resumeFile,
        phoneNumber,
        email,
        discord,
        groupme,
        instagram,
        teamID,
        projectID
    )
values (
        'FFS33232',
        null,
        '492-173-1133',
        'ssquires9@chicagotribune.com',
        'rcastanaga9',
        'lyorke9',
        'apfaffe9',
        4,
        4
    );
insert into student (
        netID,
        resumeFile,
        phoneNumber,
        email,
        discord,
        groupme,
        instagram,
        teamID,
        projectID
    )
values (
        'DCD93581',
        null,
        '368-240-0186',
        'aslemminga@samsung.com',
        'cdagnalla',
        'mbuckthoughta',
        'gsmitha',
        2,
        3
    );
insert into student (
        netID,
        resumeFile,
        phoneNumber,
        email,
        discord,
        groupme,
        instagram,
        teamID,
        projectID
    )
values (
        'NZY34457',
        null,
        '424-808-7018',
        'lwrathallb@mysql.com',
        'dgrzelakb',
        'kkilmartinb',
        'cweberb',
        4,
        4
    );
insert into student (
        netID,
        resumeFile,
        phoneNumber,
        email,
        discord,
        groupme,
        instagram,
        teamID,
        projectID
    )
values (
        'VOX13251',
        null,
        '489-962-2993',
        'nbirchenoughc@amazon.de',
        'rivashkovc',
        'mmailesc',
        'msmyliec',
        4,
        4
    );
insert into student (
        netID,
        resumeFile,
        phoneNumber,
        email,
        discord,
        groupme,
        instagram,
        teamID,
        projectID
    )
values (
        'DOY24278',
        null,
        '774-486-9887',
        'vsicilyd@tmall.com',
        'cbaudouxd',
        'smackimmd',
        'pmerond',
        4,
        4
    );
insert into student (
        netID,
        resumeFile,
        phoneNumber,
        email,
        discord,
        groupme,
        instagram,
        teamID,
        projectID
    )
values (
        'CPW11708',
        null,
        '542-941-4397',
        'jfoorde@sina.com.cn',
        'rgurleye',
        'anisiuse',
        'eartise',
        4,
        4
    );
insert into student (
        netID,
        resumeFile,
        phoneNumber,
        email,
        discord,
        groupme,
        instagram,
        teamID,
        projectID
    )
values (
        'ZZW35871',
        null,
        '620-682-5592',
        'acattemullf@wikia.com',
        'mcresswellf',
        'kbodef',
        'dcobellif',
        1,
        2
    );
insert into student (
        netID,
        resumeFile,
        phoneNumber,
        email,
        discord,
        groupme,
        instagram,
        teamID,
        projectID
    )
values (
        'TVE65287',
        null,
        '146-729-0027',
        'cbarnesg@narod.ru',
        'kbamlingg',
        'jkystong',
        'kgoacherg',
        2,
        3
    );
insert into student (
        netID,
        resumeFile,
        phoneNumber,
        email,
        discord,
        groupme,
        instagram,
        teamID,
        projectID
    )
values (
        'JQV97981',
        null,
        '944-373-7551',
        'cmcparlinh@ed.gov',
        'dmeighanh',
        'bkevaneh',
        'ichaffinh',
        1,
        2
    );
insert into student (
        netID,
        resumeFile,
        phoneNumber,
        email,
        discord,
        groupme,
        instagram,
        teamID,
        projectID
    )
values (
        'QWJ12261',
        null,
        '218-206-0186',
        'mpotburyi@google.ru',
        'wcymperi',
        'plingleyi',
        'ksuddardsi',
        1,
        2
    );
insert into student (
        netID,
        resumeFile,
        phoneNumber,
        email,
        discord,
        groupme,
        instagram,
        teamID,
        projectID
    )
values (
        'KTL13581',
        null,
        '788-778-1432',
        'rpearnej@seesaa.net',
        'glevyj',
        'cepiletj',
        'fsebbornj',
        2,
        3
    );
insert into Skills (
        skillName,
        skillCategory
    )
values (
        'Python',
        'programming language'
    );
insert into Skills (
        skillName,
        skillCategory
    )
values (
        'C++',
        'programming language'
    );
insert into Skills (
        skillName,
        skillCategory
    )
values (
        'Javascript',
        'programming language'
    );
insert into StudentSkillset (netID, skillID)
values ('OEX79326', 2);
insert into StudentSkillset (netID, skillID)
values ('DRZ36800', 3);
insert into StudentSkillset (netID, skillID)
values ('OEX79326', 3);
insert into StudentSkillset (netID, skillID)
values ('EXX53026', 3);
insert into StudentSkillset (netID, skillID)
values ('BGO77836', 2);
insert into StudentSkillset (netID, skillID)
values ('OEX79326', 1);
insert into StudentSkillset (netID, skillID)
values ('DRZ36800', 2);
insert into StudentSkillset (netID, skillID)
values ('DRZ36800', 1);
insert into StudentSkillset (netID, skillID)
values ('BGO77836', 3);
insert into StudentSkillset (netID, skillID)
values ('WAC77069', 2);
insert into StudentSkillset (netID, skillID)
values ('WAC77069', 1);
insert into ProjectSkillset (projectID, skillID)
values (1, 1);
insert into ProjectSkillset (projectID, skillID)
values (2, 2);
insert into ProjectSkillset (projectID, skillID)
values (1, 2);
insert into ProjectSkillset (projectID, skillID)
values (3, 2);
insert into ProjectSkillset (projectID, skillID)
values (4, 1);
insert into ProjectSkillset (projectID, skillID)
values (5, 2);
insert into ProjectSkillset (projectID, skillID)
values (6, 3);
insert into ProjectSkillset (projectID, skillID)
values (7, 2);
insert into ProjectSkillset (projectID, skillID)
values (8, 1);
insert into ProjectSkillset (projectID, skillID)
values (9, 3);
insert into ProjectSkillset (projectID, skillID)
values (10, 1);
insert into TeamPreferences (teamID, projectID, preference_number)
values (1, 1, 1);
insert into TeamPreferences (teamID, projectID, preference_number)
values (1, 2, 2);
insert into TeamPreferences (teamID, projectID, preference_number)
values (1, 3, 3);
insert into TeamPreferences (teamID, projectID, preference_number)
values (1, 4, 4);
insert into TeamPreferences (teamID, projectID, preference_number)
values (1, 5, 5);
insert into TeamPreferences (teamID, projectID, preference_number)
values (2, 6, 1);
insert into TeamPreferences (teamID, projectID, preference_number)
values (2, 7, 2);
insert into TeamPreferences (teamID, projectID, preference_number)
values (2, 8, 3);
insert into TeamPreferences (teamID, projectID, preference_number)
values (2, 9, 4);
insert into TeamPreferences (teamID, projectID, preference_number)
values (2, 10, 5);
insert into TeamPreferences (teamID, projectID, preference_number)
values (3, 3, 1);
insert into TeamPreferences (teamID, projectID, preference_number)
values (3, 4, 2);
insert into TeamPreferences (teamID, projectID, preference_number)
values (3, 8, 3);
insert into TeamPreferences (teamID, projectID, preference_number)
values (3, 9, 4);
insert into TeamPreferences (teamID, projectID, preference_number)
values (3, 10, 5);
insert into StudentPreferences (netID, projectID, preference_number)
values ('BGO77836', 1, 1);
insert into StudentPreferences (netID, projectID, preference_number)
values ('BGO77836', 2, 2);
insert into StudentPreferences (netID, projectID, preference_number)
values ('BGO77836', 3, 3);
insert into StudentPreferences (netID, projectID, preference_number)
values ('BGO77836', 4, 4);
insert into StudentPreferences (netID, projectID, preference_number)
values ('BGO77836', 5, 5);
insert into StudentPreferences (netID, projectID, preference_number)
values ('SJD74025', 6, 1);
insert into StudentPreferences (netID, projectID, preference_number)
values ('SJD74025', 7, 2);
insert into StudentPreferences (netID, projectID, preference_number)
values ('SJD74025', 8, 3);
insert into StudentPreferences (netID, projectID, preference_number)
values ('SJD74025', 9, 4);
insert into StudentPreferences (netID, projectID, preference_number)
values ('SJD74025', 10, 5);
insert into StudentPreferences (netID, projectID, preference_number)
values ('DRZ36800', 3, 1);
insert into StudentPreferences (netID, projectID, preference_number)
values ('DRZ36800', 4, 2);
insert into StudentPreferences (netID, projectID, preference_number)
values ('DRZ36800', 8, 3);
insert into StudentPreferences (netID, projectID, preference_number)
values ('DRZ36800', 9, 4);
insert into StudentPreferences (netID, projectID, preference_number)
values ('DRZ36800', 10, 5);